{
  "products": [{ "id": "0.03621519244352167", "quantity": 2 }],
  "totalPrice": 9.100000000000001
}
